,Silhouette Score,Calinski-Harabasz,Davies-Bouldin,N Clusters
K-Means,0.4287811814445133,2440.6260312656577,0.7484128728922326,7.0
Hierarchical,0.3797467821114772,2111.9928084428952,0.7754313461176451,7.0
DBSCAN,0.40397412502023544,203.73040499849245,2.3319866440372956,3.0
